epoch,val acc,val auc,val f1,val kappa,val specificity
1,0.11152469112265817,0.1630045664908412
2,0.10537031226735684,0.1531090217439714
